“sample”,”error_0","error_1_e_minus_5","error_1_e_minus_4","error_1_e_minus_3","error_1_e_minus_2","error_1_e_minus_1","error_2_e_minus_1","error_3_e_minus_1","error_4_e_minus_1","error_5_e_minus_1","error_6_e_minus_1","error_7_e_minus_1","error_8_e_minus_1"
"1",94,94,107,121,181,506,918,1392,2043,3045,3859,5732,9742
"2",53,52,51,68,150,425,846,1240,1800,2301,3612,5410,9250
"3",40,37,50,58,114,415,834,1168,1730,2450,3588,5385,9141
"4",54,61,56,92,111,434,780,1291,1675,2673,3568,5655,9702
"5",27,39,49,80,116,415,728,1062,1726,2365,3561,5550,9198
"6",27,43,38,68,146,398,775,1290,1772,2545,3595,5621,9756
"7",27,32,32,64,123,373,736,1117,1802,2660,3728,5725,9354
"8",31,28,37,82,141,402,876,1255,1845,2496,4144,5845,9044
"9",32,55,46,75,132,413,808,1129,1859,2387,3892,5559,8970
"10",33,34,47,80,115,333,857,1162,1824,2411,3580,5459,9626
"11",41,34,35,83,158,370,807,1131,1763,2345,3660,5503,9023
"12",39,35,51,82,109,412,715,1228,1721,2424,3812,5831,9797
"13",35,47,53,86,129,397,742,1197,1796,2510,3554,5330,8975
"14",34,44,56,104,125,499,733,1196,1806,2550,3731,5406,9164
"15",39,44,63,77,121,359,714,1173,1923,2428,3510,5644,9811
"16",42,44,47,56,97,355,723,1459,1746,2434,3890,5464,9367
"17",42,51,41,64,161,429,714,1127,1663,2288,4117,5284,9124
"18",30,49,44,66,115,420,831,1157,1873,2456,3762,5588,9242
"19",27,45,42,71,94,408,841,1176,1640,2457,3471,6064,8819
"20",33,52,55,91,106,412,774,1161,1704,2593,3912,5542,9520
"21",28,47,60,69,118,558,797,1123,1863,2356,3668,5106,9398
"22",36,72,47,78,133,392,746,1153,1755,2481,4099,5311,9200
"23",31,32,61,92,113,407,801,1068,1797,2398,3890,5807,9682
"24",36,45,63,75,129,422,822,1140,1698,2388,3748,5721,10170
"25",33,51,64,105,103,417,812,1208,1817,2354,3656,5202,9811
"26",25,52,60,79,122,417,838,1184,1862,2299,3404,5483,8636
"27",28,53,65,65,147,426,744,1165,1745,2547,3545,5596,9127
"28",30,51,67,60,135,419,786,1112,1827,2161,3459,5823,9531
"29",59,54,70,75,103,418,738,1126,1748,2471,3654,5286,9309
"30",31,57,75,69,117,384,826,1122,1719,2483,3533,6310,9428
"31",27,74,56,62,113,398,861,1127,1659,2504,3620,5420,9189
"32",29,62,73,82,119,381,755,1170,1875,2332,3646,5311,9100
"33",32,74,70,82,112,448,862,1217,1825,2432,3702,5633,9059
"34",42,37,45,71,136,383,787,1204,1748,2349,4155,5406,9079
"35",36,52,59,74,157,369,844,1062,2003,2244,3679,5239,9533
"36",41,52,46,68,98,452,765,1169,1819,2438,3750,5828,9596
"37",40,52,56,70,109,479,758,1151,1734,2415,3559,5541,9316
"38",37,53,54,68,101,461,814,1120,1763,2384,3519,5679,10138
"39",30,58,64,71,87,411,739,1135,1845,2463,3581,5970,9626
"40",29,61,74,86,120,352,766,1154,1750,2448,3729,5411,9203
"41",28,82,59,72,114,479,706,1262,1826,2261,3816,5952,9180
"42",31,75,72,87,164,415,742,1220,1901,2472,3469,5223,9912
"43",35,46,55,81,128,393,824,1325,1834,2381,3744,5229,9249
"44",35,51,64,103,98,394,797,1134,1719,2359,3447,5156,9510
"45",36,53,48,55,119,545,724,1209,1896,2325,3668,5354,9213
"46",32,51,65,71,96,376,800,1196,1754,2536,3405,5736,9015
"47",34,34,52,71,107,449,802,1107,1755,2417,3678,5592,9819
"48",37,40,62,59,135,417,746,1182,1721,2301,3666,5446,9100
"49",38,39,54,55,119,415,953,1155,1666,2273,3680,5697,9621
"50",33,41,77,65,141,415,735,1087,1837,2326,3622,5309,8970
"51",35,44,58,57,138,453,811,1294,1829,2360,3799,5756,9534
"52",41,46,72,62,101,440,803,1197,1818,2612,3854,5833,9747
"53",40,53,62,79,108,435,773,1165,1800,2200,3537,5977,9942
"54",55,48,73,78,94,393,893,1208,1600,2358,3538,5186,9457
"55",31,54,48,70,101,440,751,1242,1792,2593,3617,5534,9155
"56",34,58,55,86,131,438,784,1151,1674,2305,3773,6140,10105
"57",43,54,62,65,154,404,842,1170,1614,2493,3542,5586,8967
"58",41,58,49,87,107,521,803,1128,1750,2430,3807,5802,9035
"59",29,61,52,83,98,417,749,1181,1710,2463,3630,5545,9471
"60",31,66,53,76,152,383,686,1247,1820,2392,3935,6124,9010
"61",30,33,52,75,91,406,828,1232,1833,2230,3821,5468,8911
"62",32,35,58,86,179,445,679,1190,1807,2448,3648,5686,9510
"63",33,36,48,55,121,426,814,1102,1708,2421,3923,5523,9721
"64",25,35,59,60,152,405,807,1185,1733,2278,3837,5499,9580
"65",27,54,44,72,157,417,733,1267,1834,2340,3765,5936,10072
"66",33,51,61,62,169,421,788,1124,1862,2295,3833,5230,9784
"67",34,54,76,60,148,419,754,1251,1768,2444,3565,5573,8954
"68",33,52,33,58,107,423,757,1235,1670,2595,3753,5560,10266
"69",32,55,44,64,137,471,871,1078,1724,2356,3700,5583,9211
"70",37,64,39,66,115,453,833,1088,1938,2404,3528,5235,9029
"71",39,68,37,66,140,406,824,1226,1819,2332,3902,5651,9659
"72",38,43,53,64,106,396,788,1147,1654,2327,3839,5902,8863
"73",40,46,61,67,151,400,828,1168,1772,2266,3968,5372,8921
"74",38,45,65,68,105,464,847,1084,1862,2333,3823,5709,8654
"75",40,51,53,64,109,409,621,1185,1781,2246,4057,4965,9049
"76",41,54,66,64,108,451,853,1136,1617,2466,3668,5282,10420
"77",42,55,56,66,123,482,784,1256,1703,2574,3710,5812,9792
"78",38,53,47,68,141,391,719,1231,1823,2194,3684,5640,9660
"79",25,56,52,72,106,417,716,1176,1718,2328,3590,5647,9488
"80",29,60,63,80,132,502,750,1177,1805,2339,3857,5196,9301
"81",48,70,28,59,107,351,760,1164,1840,2507,3773,5351,9293
"82",34,35,29,55,136,397,812,1241,1884,2366,3417,5702,9399
"83",29,44,30,69,117,439,758,1135,1807,2403,3534,5915,9511
"84",38,66,57,58,133,370,783,1241,1801,2380,3695,5303,9236
"85",31,58,67,71,155,451,809,1172,1739,2420,3601,5722,10168
"86",34,57,60,58,126,414,925,1190,1776,2380,3544,5885,9053
"87",31,50,65,59,101,388,810,1265,1633,2279,3822,5252,8983
"88",32,40,71,62,125,437,795,1349,1820,2450,3896,5622,9469
"89",35,46,53,62,105,376,904,1272,1645,2219,3543,5827,8670
"90",40,44,71,82,147,433,777,1159,1810,2292,3713,5644,9712
"91",35,42,83,78,136,387,714,1188,1925,2277,3695,5582,9534
"92",39,49,37,73,128,367,836,1161,1696,2321,3898,5441,9732
"93",39,50,31,79,124,454,758,1261,1861,2256,3407,5260,8980
"94",40,43,48,69,130,388,834,1101,1724,2337,3712,5747,10098
"95",37,53,48,84,120,415,825,1178,2001,2320,3748,5886,10066
"96",38,54,61,76,106,347,774,1240,1798,2429,3492,5423,10043
"97",44,55,69,83,120,469,797,1224,1770,2290,3813,5804,9416
"98",42,65,72,55,121,351,778,1182,1868,2255,3624,5453,9248
"99",41,31,58,57,103,411,744,1211,1705,2450,3720,5655,9535
"100",37,33,52,58,113,440,809,1165,1695,2433,3731,5615,9207
"101",49,36,73,76,149,433,774,1321,1824,2402,3721,5434,9456
"102",40,58,69,75,104,389,816,1102,1724,2399,3574,5384,9577
"103",37,51,31,65,104,372,792,1295,1740,2257,3686,5475,9529
"104",31,50,46,58,123,456,764,1134,1686,2528,3621,5738,9827
"105",30,57,62,78,143,397,777,1126,1762,2443,3441,5488,9816
"106",30,59,53,64,136,413,818,1193,1830,2578,3481,5480,8971
"107",32,57,56,70,111,386,865,1119,1722,2267,3417,5635,9465
"108",29,61,64,79,134,498,799,1122,1763,2553,3899,6028,9749
"109",32,70,72,81,133,448,834,1190,1615,2200,3552,6042,9028
"110",36,33,55,67,111,372,744,1133,1687,2511,3655,5562,9272
"111",33,34,50,73,128,442,700,1179,1827,2603,3588,5550,9467
"112",34,38,62,70,150,383,784,1190,1642,2557,3724,5626,10025
"113",36,38,53,84,134,401,761,1198,1637,2240,4171,5444,9716
"114",33,40,67,85,121,491,776,1184,1765,2437,3743,5414,9505
"115",37,41,65,90,108,430,754,1161,1671,2226,3583,5519,9296
"116",41,48,72,96,117,426,839,1215,1829,2271,3356,5798,9159
"117",36,61,73,67,120,460,800,1315,1908,2434,3735,5515,8819
"118",39,62,59,63,127,409,718,1189,1856,2571,3623,5471,9386
"119",36,73,54,56,142,458,837,1197,1892,2297,3523,5649,9581
"120",41,33,68,65,132,421,735,1231,1725,2383,3831,5322,9605
"121",37,37,51,72,146,408,835,1149,1792,2503,3606,5382,9205
"122",38,37,57,75,150,449,785,1191,1765,2405,3655,5653,8805
"123",39,41,63,78,115,378,854,1341,1745,2399,3545,5536,9272
"124",35,46,65,75,102,453,807,1206,1721,2365,3702,5591,9269
"125",51,59,65,58,102,384,817,1102,1683,2336,3879,5830,9443
"126",36,41,25,63,102,443,743,1293,1702,2349,3670,5247,9607
"127",35,61,28,72,105,418,851,1222,1937,2488,3706,5518,9034
"128",40,54,40,61,122,393,764,1133,1789,2312,3563,5505,9310
"129",27,41,40,64,136,474,794,1053,1893,2322,3847,5879,9099
"130",27,38,53,74,113,388,757,1113,1929,2514,3717,5403,9447
"131",30,40,65,74,101,399,758,1166,1754,2421,3651,5492,8986
"132",27,51,65,91,106,388,791,1262,1825,2640,3994,5642,9150
"133",34,54,61,83,120,406,766,1199,1850,2360,3894,5799,9194
"134",35,59,50,52,116,431,825,1145,1774,2474,3521,5246,9556
"135",32,70,61,64,108,405,768,1157,1689,2360,3756,5416,9439
"136",31,29,71,69,132,390,852,1255,1663,2400,3769,5599,9217
"137",32,32,69,49,144,498,860,1233,1843,2321,3701,5649,9673
"138",36,35,69,58,103,476,731,1323,1601,2308,3762,5544,8903
"139",36,33,66,70,115,428,739,1194,1760,2413,3905,5605,9001
"140",37,32,66,77,137,422,677,1158,1758,2582,3759,6157,9456
"141",34,38,53,61,141,438,836,1210,1839,2401,3639,5490,9100
"142",35,49,59,59,161,387,753,1164,1617,2426,3691,5750,9569
"143",36,54,64,64,138,468,775,1191,1641,2429,3636,5604,9653
"144",37,57,60,63,121,492,824,1146,1719,2362,3522,5821,9257
"145",36,61,51,79,105,425,763,1132,1717,2398,3718,5512,9415
"146",39,60,46,63,126,451,812,1305,1626,2472,3548,5324,9417
"147",40,73,64,82,125,376,795,1281,1615,2302,3738,5743,8902
"148",62,33,57,72,102,371,755,1148,1778,2315,3724,5517,9131
"149",33,32,66,88,128,448,834,1194,1742,2512,3515,6177,9273
"150",35,34,74,74,132,434,744,1159,1713,2195,3734,5497,9195
"151",29,37,67,93,115,459,715,1254,1664,2493,3675,5431,9037
"152",25,44,45,55,128,382,722,1157,1578,2413,3713,5694,9027
"153",30,52,61,54,126,427,768,1212,1693,2234,3554,5454,9081
"154",25,71,49,59,109,492,809,1145,1737,2362,4086,6007,8808
"155",26,59,47,75,115,376,843,1149,1807,2568,4091,5452,9818
"156",35,63,49,76,143,407,803,1134,1785,2495,3572,5584,9208
"157",29,67,63,62,127,360,851,1190,1791,2487,3591,5907,9505
"158",30,51,70,61,87,385,813,1140,1701,2375,3675,5691,9210
"159",36,66,59,64,85,467,787,1166,1761,2312,3970,5543,8883
"160",32,57,70,68,81,468,740,1231,1752,2257,3934,5454,8990
"161",33,57,68,68,112,402,723,1197,1736,2396,3547,5253,9839
"162",37,60,45,75,103,415,769,1211,1927,2462,4126,5273,9691
"163",35,52,49,83,107,427,782,1136,1798,2223,4110,5244,8909
"164",38,37,61,74,143,419,904,1170,1808,2250,3667,5634,9907
"165",34,40,46,70,102,460,817,1144,1833,2516,3628,5344,8869
"166",43,65,43,71,104,497,736,1343,1965,2368,3588,5114,9177
"167",35,47,58,70,94,419,709,1182,1663,2396,3503,5500,9732
"168",43,42,74,74,117,364,739,1292,1767,2366,3710,5867,9613
"169",40,48,75,85,116,415,758,1264,1702,2393,3612,5503,9547
"170",36,46,74,51,106,423,801,1236,1695,2415,3767,5741,9647
"171",27,51,87,64,110,416,850,1189,1774,2245,3841,5591,9154
"172",31,72,62,49,133,417,798,1367,1942,2483,3709,5634,8818
"173",31,70,51,53,118,444,836,1218,1746,2437,3477,5338,9329
"174",34,33,63,62,100,409,751,1234,1729,2241,3696,6221,9418
"175",29,42,46,60,108,443,843,1212,1816,2254,3588,5604,9286
"176",34,38,69,67,116,411,836,1348,1603,2196,3774,5399,8907
"177",36,44,70,66,120,400,788,1281,1664,2301,3778,5566,10085
"178",36,49,53,67,117,448,742,1316,1931,2611,3596,5568,9023
"179",34,50,63,63,126,452,749,1231,1700,2290,3587,5589,9355
"180",33,53,58,69,121,432,842,1185,1678,2351,3866,5427,9537
"181",37,47,77,81,100,416,710,1132,1741,2201,3979,5853,9572
"182",56,57,45,71,111,387,941,1260,1786,2765,3525,5660,9242
"183",32,57,59,86,106,423,895,1191,1755,2402,3825,5447,9205
"184",35,82,70,86,118,502,887,1198,1782,2510,3473,5606,9685
"185",38,48,54,85,115,495,858,1323,1696,2609,3783,5582,9227
"186",40,46,59,86,129,394,862,1214,1680,2586,3623,5674,9383
"187",33,44,71,99,128,475,892,1207,1677,2545,3687,5562,9336
"188",37,49,72,52,119,463,791,1192,1701,2513,3840,5410,9558
"189",36,53,59,58,134,404,785,1225,1782,2658,3876,5887,9998
"190",38,51,70,60,128,428,693,1167,1764,2598,3651,5304,8950
"191",39,56,82,61,148,440,764,1172,1725,2472,3611,6397,9251
"192",34,56,44,51,140,372,830,1252,1692,2661,3808,5790,9140
"193",27,63,45,79,129,447,747,1109,1748,2709,3531,5309,8770
"194",31,70,47,60,111,400,728,1394,1903,2796,3619,5359,9297
"195",34,44,45,76,116,445,750,1205,1894,2663,3736,5489,10035
"196",30,47,29,64,114,400,928,1185,1692,2541,3743,5969,9561
"197",34,52,51,62,127,486,837,1267,1832,2470,3479,5649,9383
"198",33,48,40,67,146,406,802,1211,1858,2666,3558,5652,9395
"199",34,56,37,68,136,454,759,1234,1850,2452,3668,5346,9497
"200",33,57,52,68,122,412,797,1094,1720,2612,3885,5681,9264
"201",37,46,59,80,127,461,779,1286,1770,2591,3505,5727,8970
"202",37,41,63,65,142,401,772,1158,1634,2716,3579,5627,9449
"203",33,55,45,69,114,394,693,1155,1682,2488,3494,5626,8906
"204",37,44,41,75,112,424,784,1044,1828,2615,3497,5529,9586
"205",34,46,57,82,108,464,781,1159,1586,2631,3448,5588,9540
"206",37,44,67,56,120,450,756,1117,1778,2403,3550,5468,8900
"207",58,39,50,70,95,375,738,1209,1745,2344,3675,5744,9645
"208",37,45,57,89,112,340,895,1259,1682,2474,3594,5320,9421
"209",39,61,43,54,133,435,781,1243,1778,2383,3713,5201,8774
"210",39,36,53,72,111,466,838,1255,1669,2464,3580,5250,9123
"211",36,34,57,58,141,448,758,1325,1884,2519,3612,5807,9301
"212",35,34,59,75,107,423,739,1125,1755,2595,3742,5473,8901
"213",38,36,64,79,122,410,810,1227,1820,2461,3739,5421,9297
"214",31,55,67,66,117,426,785,1237,1846,2435,3745,5841,9392
"215",28,40,67,69,150,414,723,1163,1804,2542,3825,5544,9067
"216",34,36,50,79,124,458,840,1360,1765,2450,3773,5343,10207
"217",27,32,42,80,136,449,845,1188,1740,2570,3819,5653,9138
"218",32,32,60,85,121,461,889,1230,1797,2625,3857,5139,9433
"219",28,35,67,71,121,396,842,1145,1646,2518,3646,5478,9110
"220",25,40,60,72,116,382,736,1221,1691,2476,3594,5628,9313
"221",27,61,75,85,112,459,736,1150,1781,2511,3698,5410,9601
"222",30,32,36,75,164,461,780,1240,1726,2457,3523,5883,9420
"223",32,36,32,86,121,444,813,1141,1703,2434,3467,5992,9529
"224",33,51,45,54,121,378,793,1223,1747,2824,3559,5207,9852
"225",36,46,63,64,115,463,864,1235,1736,2612,3597,5536,8931
"226",36,54,67,68,101,476,825,1119,1873,2464,3648,5389,9174
"227",38,54,53,75,98,459,864,1247,1760,2315,3770,5386,9700
"228",39,48,64,59,148,413,793,1247,1803,2490,4003,5600,9689
"229",39,50,56,62,123,351,755,1274,1680,2361,3619,5620,9374
"230",40,51,50,57,97,452,785,1156,1919,2441,3563,5765,8983
"231",39,74,69,78,129,453,791,1277,1686,2456,3920,5254,8982
"232",61,73,83,66,124,385,780,1134,1634,2408,3549,5472,9510
"233",31,32,56,65,108,386,862,1273,1879,2349,3993,5478,9182
"234",39,34,60,67,116,435,762,1249,1622,2465,3554,5498,9161
"235",32,33,67,67,132,383,799,1161,1656,2608,3565,5404,8942
"236",32,37,64,70,113,392,720,1245,1789,2356,3795,5599,9017
"237",33,40,82,69,122,416,786,1307,1575,2458,3549,5433,9307
"238",27,42,55,69,102,404,750,1143,1750,2681,3735,5370,9282
"239",27,82,43,74,108,405,784,1145,1847,2410,3911,5892,9014
"240",33,60,47,90,112,427,761,1215,1802,2367,3706,5996,9343
"241",32,48,62,74,128,408,796,1169,1715,2622,3642,5867,9158
"242",36,78,65,51,122,389,805,1163,1682,2580,3639,5550,9646
"243",35,40,42,47,121,359,789,1236,1878,2339,3452,5617,9629
"244",30,36,54,65,114,462,768,1125,1669,2435,3738,5610,9029
"245",39,40,60,54,127,401,895,1271,1824,2437,3584,5546,9503
"246",36,45,70,56,129,379,937,1157,1786,2403,3866,5425,9154
"247",33,40,56,59,101,419,823,1153,1810,2592,3503,5565,9324
"248",32,63,65,65,91,403,853,1112,1752,2701,3732,5516,9442
"249",34,58,58,66,120,333,746,1208,1607,2673,3612,5725,8889
"250",37,33,55,58,112,394,765,1165,1692,2369,3678,5698,9485
"251",40,60,73,70,117,446,751,1318,1874,2488,3675,5682,9499
"252",41,46,69,77,145,405,790,1160,1763,2533,3826,5582,9248
"253",42,41,52,58,130,430,805,1197,1764,2597,3711,5368,9442
"254",37,40,45,49,114,404,728,1176,1689,2535,3739,5655,8905
"255",28,41,48,68,128,372,773,1221,1635,2541,3671,5391,9436
"256",30,61,66,56,95,353,745,1271,1739,2396,3684,5707,8929
"257",32,75,68,56,154,338,809,1194,1838,2581,3569,5319,9189
"258",31,45,60,62,152,415,779,1258,1940,2466,3559,5495,9634
"259",33,48,65,66,104,412,813,1140,1727,2722,4115,5862,9637
"260",30,37,68,65,117,398,783,1162,1709,2398,3589,5479,9161
"261",34,43,70,66,107,354,805,1169,2000,2492,3755,5230,9924
"262",37,38,70,61,113,411,776,1321,1732,2451,3575,5267,9141
"263",36,42,33,69,124,456,708,1191,1727,2598,3695,5462,8979
"264",36,51,49,66,124,367,763,1219,1714,2524,3866,5837,9403
"265",40,55,52,69,118,425,715,1215,1729,2312,3680,5607,9242
"266",54,52,64,71,114,452,765,1295,1606,2690,3610,5460,9430
"267",30,53,71,80,145,453,851,1176,1594,2261,3702,5609,8740
"268",30,51,71,85,121,426,730,1352,1662,2619,3705,5801,9389
"269",26,58,49,73,142,331,815,1194,1603,2948,3560,5466,9611
"270",30,71,44,97,107,490,798,1255,1645,2550,3625,5520,9753
"271",41,31,54,66,106,407,845,1154,1780,2522,3586,5258,8937
"272",41,32,56,56,112,427,829,1287,1658,2582,3609,5455,8940
"273",39,33,44,55,136,517,740,1278,1756,2575,3959,5561,9329
"274",34,37,51,59,111,440,768,1215,1789,2471,3537,5539,9293
"275",39,39,46,70,138,395,735,1190,1646,2648,3524,5639,9690
"276",37,42,59,48,108,369,785,1213,1850,2440,3726,5438,9583
"277",26,57,74,75,100,406,877,1186,2136,2575,3864,5579,9294
"278",27,62,65,66,123,373,760,1164,1982,2377,3875,5700,9930
"279",31,58,46,67,107,396,778,1319,1873,2294,3763,5570,9945
"280",33,62,55,64,140,470,814,1152,1733,2468,3394,5363,9371
"281",33,73,58,62,159,402,769,1144,1738,2498,3822,5722,9459
"282",33,36,58,74,94,395,753,1098,1768,2473,3877,5512,9209
"283",35,35,55,57,111,415,894,1125,1848,2589,3918,5425,9372
"284",35,50,64,60,101,371,747,1233,1752,2313,3499,5762,9655
"285",34,53,50,61,109,405,712,1076,1821,2637,3794,5438,9458
"286",35,55,63,75,142,458,838,1257,1766,2605,3685,5954,9362
"287",36,57,66,81,107,448,834,1247,1737,2467,3416,5812,9655
"288",39,54,54,47,83,474,869,1176,1914,2361,3695,5554,9455
"289",36,50,53,46,92,445,849,1260,1672,2425,3518,5513,9240
"290",37,57,54,53,111,438,801,1198,1750,2312,3723,5234,9654
"291",60,67,62,63,124,343,782,1323,1876,2625,3849,5823,9151
"292",29,37,46,51,137,368,771,1279,1778,2256,3829,5640,9743
"293",33,36,56,75,132,405,850,1276,1805,2494,3914,5745,9369
"294",34,43,61,59,113,426,732,1194,1627,2319,3682,5673,9807
"295",36,46,65,60,117,446,788,1298,1613,2421,3675,5320,9618
"296",38,30,66,65,106,447,778,1148,1848,2552,3629,5448,8588
"297",37,38,69,70,100,448,707,1096,1811,2569,3578,5511,9624
"298",28,45,70,85,120,450,848,1084,1839,2329,3683,5218,9248
"299",26,42,57,68,127,404,774,1196,1711,2523,3806,5538,9768
"300",34,41,69,71,98,413,758,1152,1841,2390,3392,6304,9062
"301",32,48,59,79,116,393,843,1141,1830,2504,3910,5444,8926
"302",33,48,64,70,128,463,725,1170,1743,2369,3443,5652,9834
"303",31,62,32,70,106,419,851,1221,1675,2576,3716,5620,8869
"304",31,54,32,94,129,396,656,1205,1745,2631,3523,5509,9299
"305",28,52,37,97,149,376,790,1144,1627,2477,3725,5708,9125
"306",33,61,34,56,122,364,793,1191,1688,2524,3873,5618,9483
"307",33,56,48,53,165,384,779,1246,1820,2611,3667,5980,9600
"308",36,60,72,51,141,367,797,1184,1843,2445,3770,5826,9373
"309",40,74,64,57,99,444,769,1250,1813,2407,3573,5510,9469
"310",38,32,64,76,140,463,760,1213,1904,2863,3755,5644,10054
"311",39,36,75,64,115,469,800,1188,1699,2560,3776,5769,9192
"312",41,37,78,61,120,431,720,1202,1819,2662,3630,5422,9668
"313",40,39,52,77,115,479,812,1091,2020,2482,3500,5413,9660
"314",42,38,44,81,107,483,838,1169,1637,2607,3801,5518,9669
"315",40,55,58,83,104,400,684,1150,1746,2417,3897,5870,9245
"316",57,58,65,67,131,476,750,1184,1833,2533,3531,5439,9377
"317",30,56,70,66,120,357,714,1149,1939,2699,3757,5677,9700
"318",29,54,69,74,117,370,733,1182,1811,2705,3642,5512,9185
"319",30,59,58,67,121,441,855,1111,1607,2350,3688,5598,9185
"320",30,71,66,71,131,349,779,1194,1673,2563,3634,5666,9935
"321",27,33,77,70,122,412,763,1194,1900,2657,3535,5458,9079
"322",31,35,81,88,85,453,843,1214,1813,2505,3819,5714,10341
"323",32,38,44,83,116,421,824,1267,1809,2561,3520,5109,9392
"324",34,40,42,54,120,416,856,1295,1878,2617,3847,5595,9630
"325",29,40,46,54,136,435,791,1193,1808,2412,3777,5707,9811
"326",34,47,61,58,107,352,696,1170,1897,2614,3653,5606,10579
"327",32,60,58,61,143,424,751,1156,1694,2548,3746,5427,9505
"328",32,64,50,60,114,409,757,1147,1939,2585,3830,5299,8838
"329",31,61,65,58,125,386,789,1176,1834,2701,3608,5711,9065
"330",35,89,71,61,116,421,722,1142,1751,2369,3597,6147,9429
"331",35,44,75,61,143,358,754,1172,1737,2537,3918,5759,9085
"332",38,47,70,80,116,460,838,1215,1803,2334,3607,5234,9486
"333",39,50,45,67,118,472,795,1101,1786,2452,3812,5249,8988
"334",40,56,48,72,140,384,799,1177,1750,2660,3638,5118,8874
"335",41,47,60,62,128,438,827,1232,1857,2394,3704,5176,8709
"336",42,31,51,65,112,470,795,1155,1822,2546,3617,5484,9226
"337",41,40,63,63,133,336,732,1198,1933,2641,3588,5447,9855
"338",42,31,63,70,114,449,826,1161,1734,2394,3770,6295,8600
"339",36,39,75,69,119,391,791,1174,1716,2871,3721,5805,9074
"340",24,43,56,73,103,425,922,1173,1786,2421,3657,5383,8679
"341",28,50,66,101,115,453,773,1237,1689,2419,3767,5256,9136
"342",33,46,86,51,102,446,755,1141,1816,2557,3660,5566,9525
"343",33,55,44,61,127,373,788,1107,1744,2677,3697,5302,9841
"344",33,52,56,68,114,439,784,1189,1772,2593,3926,5543,10108
"345",37,51,55,60,114,343,734,1153,1780,2582,3880,5547,9242
"346",31,65,47,77,97,386,752,1399,1811,2721,3540,5868,9336
"347",36,77,65,55,98,395,847,1208,1778,2314,3780,5419,9175
"348",41,36,35,63,133,448,823,1263,1789,2572,3526,5387,8887
"349",58,55,32,67,106,447,782,1229,1842,2528,3857,5254,9242
"350",30,43,34,75,108,476,768,1138,1710,2452,3948,5997,9434
"351",25,38,36,61,126,431,771,1284,1687,2577,3674,5488,9101
"352",29,43,50,66,105,384,869,1172,1743,2664,3707,5659,8922
"353",27,40,66,81,100,407,760,1224,1740,2446,3573,5454,9113
"354",37,40,60,78,101,407,837,1080,1976,2495,3850,5517,9219
"355",35,39,54,84,99,411,745,1185,1909,2416,3577,6116,8993
"356",39,43,66,84,109,429,791,1161,1830,2503,3666,5599,9651
"357",36,55,65,85,126,439,800,1159,1689,2712,3838,5729,9907
"358",35,71,77,75,97,447,742,1121,1846,2491,3759,5791,9223
"359",39,34,63,79,112,419,821,1204,1817,2543,3395,5525,9454
"360",40,34,29,48,122,390,747,1211,1729,2481,3860,5380,9808
"361",31,37,45,50,122,425,843,1353,1881,2576,3576,5571,9339
"362",28,44,61,54,138,484,717,1215,1756,2439,3585,5601,9316
"363",29,54,62,58,119,412,798,1206,1632,2458,3788,5718,9591
"364",31,64,58,58,119,395,730,1177,1752,2624,3872,5215,9531
"365",31,60,50,59,113,404,833,1254,1748,2575,3850,5589,9820
"366",31,45,63,62,100,435,724,1178,1813,2456,3977,5559,8933
"367",31,48,67,62,104,386,744,1197,1865,2826,3688,5338,8980
"368",36,74,69,61,131,458,794,1192,1847,2337,3692,5433,9042
"369",34,34,70,67,106,436,887,1095,1704,2449,3693,5766,9827
"370",39,35,72,79,96,377,782,1291,1761,2712,3753,5594,9707
"371",36,39,66,69,102,386,766,1195,1768,2448,3730,5772,9288
"372",37,46,81,81,101,401,796,1147,1806,2592,4014,5813,9388
"373",38,56,53,88,137,422,745,1118,1937,2436,3530,5532,9833
"374",57,51,43,68,118,413,736,1303,1918,2490,3666,5719,9022
"375",29,34,52,91,119,421,762,1175,1904,2433,3673,5630,9397
"376",30,38,65,80,138,416,847,1164,1826,2413,3658,5382,9435
"377",34,43,67,50,133,387,739,1144,1876,2447,3754,5738,9502
"378",36,43,58,57,111,432,823,1323,1884,2694,3916,5172,8981
"379",35,63,66,61,127,412,869,1195,1726,2615,3841,5581,9114
"380",44,57,65,81,110,470,818,1100,1824,2503,3638,5663,9145
"381",42,50,74,59,119,421,716,1133,1771,2352,3689,5832,9017
"382",34,58,52,77,127,400,910,1185,1649,2666,4003,5522,9014
"383",29,54,75,65,127,373,834,1258,1753,2516,3582,5886,9153
"384",27,68,57,63,128,409,792,1194,1861,2330,3854,5424,9326
"385",32,29,44,65,126,433,873,1216,1672,2527,3445,5376,9871
"386",34,30,56,55,146,449,772,1098,1645,2586,3604,5618,8866
"387",34,33,67,62,120,352,803,1265,1782,2401,3488,5970,8885
"388",34,36,47,66,110,372,758,1208,1997,2457,3709,5332,9616
"389",38,37,59,66,100,471,727,1210,1714,2447,3542,5521,9612
"390",35,36,66,71,107,496,924,1102,1792,2784,3426,5387,9547
"391",40,48,71,68,128,450,792,1219,1799,2412,3385,5506,9155
"392",36,50,59,80,114,433,870,1289,1936,2566,3505,5438,10256
"393",35,55,74,80,108,393,806,1109,1793,2518,3831,5626,9280
"394",35,61,85,69,143,419,834,1146,1799,2519,3703,5286,8961
"395",39,56,64,82,85,461,781,1275,1659,2602,3463,5494,9438
"396",34,71,60,56,101,447,707,1246,1791,2520,3420,5857,9523
"397",38,36,62,48,85,398,839,1124,1767,2371,3399,5651,9318
"398",43,39,66,58,113,371,803,1078,1799,2531,3448,5782,9433
"399",62,63,69,60,106,480,720,1082,1835,2419,3647,5574,9712
"400",34,50,69,61,108,441,797,1186,1694,2389,3602,6095,9225
"401",36,52,70,63,88,388,709,1213,1759,2504,3415,6057,9219
"402",42,55,73,63,135,473,808,1223,1888,2533,3575,5669,9529
"403",40,52,71,59,86,396,690,1138,1784,2899,3483,5392,9657
"404",34,61,70,81,115,405,927,1223,1821,2479,3670,5801,9422
"405",25,66,84,82,120,491,849,1276,1645,2319,3296,5533,9098
"406",28,68,38,66,118,402,843,1251,1821,2613,3232,5887,9423
"407",33,33,47,67,111,432,801,1179,1751,2456,3324,5461,9521
"408",32,34,64,82,118,418,824,1152,1793,2518,3577,5542,9404
"409",32,41,62,68,133,374,860,1158,1868,2683,3490,5650,9338
"410",32,48,47,85,105,396,758,1151,1972,2553,3928,5967,9337
"411",31,51,60,89,130,398,849,1231,1839,2571,3290,5625,10524
"412",36,56,57,84,143,443,825,1197,1806,2494,3518,6098,9791
"413",35,31,52,71,140,366,777,1273,1701,2643,3625,5853,9324
"414",36,42,60,51,124,440,900,1109,1871,2459,3291,5700,9207
"415",39,32,81,71,116,481,864,1171,1883,2688,3547,5538,8367
"416",40,51,60,75,117,467,771,1458,1659,2296,3411,5450,9980
"417",39,45,67,58,91,381,856,1222,1634,2698,3517,5101,9387
"418",39,50,53,56,119,423,898,1134,1732,2750,3353,5517,9280
"419",38,51,68,65,152,476,799,1211,1750,2392,3441,5750,9059
"420",37,44,64,76,142,412,913,1128,1839,2505,3496,5899,9447
"421",38,44,71,69,108,390,741,1246,1897,2592,3531,5343,9746
"422",41,64,73,84,148,424,842,1180,1687,2473,3470,5745,8710
"423",42,35,60,65,117,422,833,1172,1696,2501,3498,5646,9714
"424",57,32,58,67,123,419,898,1126,1814,2424,3575,5466,9825
"425",37,32,65,72,134,432,728,1086,1764,2375,3572,5809,9245
"426",41,34,54,74,88,406,884,1144,1606,2543,3339,6300,9326
"427",29,36,67,74,132,389,831,1153,1743,2415,3457,5524,9616
"428",30,35,65,74,131,431,776,1148,1776,2470,3511,5883,9248
"429",35,41,51,99,129,397,805,1199,1611,2543,3395,6129,9307
"430",31,42,62,71,125,421,755,1224,1793,2603,3329,5222,9858
"431",34,41,54,51,161,425,813,1307,1796,2724,3219,5935,9794
"432",27,41,51,59,141,501,724,1098,1732,2683,3488,5372,9385
"433",37,45,56,57,127,423,896,1280,1781,2506,3344,5925,9277
"434",27,85,39,81,103,452,796,1135,1707,2446,3659,5867,9157
"435",35,40,37,73,117,425,788,1309,1864,2504,3384,5259,8646
"436",31,59,55,74,111,459,900,1192,1664,2658,3348,5599,9004
"437",28,49,60,64,124,377,951,1169,1771,2746,3248,5501,9314
"438",38,51,51,64,124,406,871,1254,1733,2498,3354,5624,9267
"439",31,46,66,79,118,428,791,1189,1760,2534,3513,5484,8910
"440",36,58,71,65,135,371,821,1124,1835,2435,3629,5582,9721
"441",41,47,66,68,138,429,880,1231,1844,2592,3596,5687,9789
"442",34,49,76,70,130,407,887,1230,1799,2325,3225,5529,9605
"443",38,65,55,69,117,501,749,1255,1903,2488,3852,5922,8759
"444",36,72,39,68,98,403,899,1236,1652,2405,3420,5537,9622
"445",41,31,53,90,97,395,873,1170,1767,2648,3575,5314,9463
"446",43,33,58,74,106,389,794,1262,1816,2489,3512,5617,9366
"447",30,52,62,100,107,369,776,1267,1827,2619,3435,5599,9446
"448",28,57,49,52,107,402,761,1235,1666,2850,3381,5454,9538
"449",27,53,45,69,123,434,858,1223,2048,2558,3475,5548,10022
"450",34,76,58,59,115,449,728,1217,1799,2479,3624,5634,8830
"451",35,59,52,61,137,403,843,1116,1962,2304,3496,5440,9239
"452",31,61,64,81,110,385,794,1285,1766,2525,3390,5331,9907
"453",37,55,59,58,85,428,861,1154,1741,2491,3324,5561,9305
"454",39,69,58,79,119,380,762,1256,1789,2464,3618,5821,10927
"455",33,37,29,62,100,469,907,1254,1902,2681,3626,5519,9765
"456",37,38,45,78,131,448,717,1265,1837,2582,3440,5502,9109
"457",55,51,56,60,84,430,750,1185,1678,2360,3364,5775,9283
"458",30,56,46,67,88,446,856,1203,1848,2497,3357,5282,10540
"459",29,46,41,79,84,463,821,1107,1593,2421,3544,5974,9569
"460",26,31,53,65,113,505,776,1196,1803,2456,3438,5668,9305
"461",29,41,49,86,95,388,910,1082,1787,2633,3464,5380,9500
"462",38,44,51,86,108,491,761,1235,1795,2371,3628,5484,9306
"463",35,41,69,67,136,362,832,1139,1872,2832,3421,5344,9105
"464",37,50,83,87,107,406,858,1223,2096,2799,3744,5756,9184
"465",38,49,42,84,118,438,830,1227,1686,2347,3770,6018,9171
"466",40,49,54,55,106,409,903,1222,1772,2752,3514,5691,9184
"467",41,51,65,58,119,398,861,1256,1779,2469,3439,5582,9249
"468",37,48,68,58,112,430,711,1192,1591,2832,3471,5653,10043
"469",28,78,54,70,124,431,856,1286,1878,2454,3654,6057,9518
"470",32,64,64,62,128,456,708,1110,1831,2430,3817,5337,9557
"471",32,72,56,73,93,419,811,1231,1787,2433,3631,5709,9875
"472",31,50,70,72,122,414,766,1155,1751,2695,3360,5521,9558
"473",33,45,56,62,129,412,770,1155,1833,2439,3535,5772,8977
"474",32,45,67,61,130,427,908,1187,1874,2414,3486,5554,9856
"475",37,45,31,69,133,383,798,1175,1618,2597,3467,5256,9832
"476",35,38,35,78,98,423,871,1177,1794,2533,3534,5570,9216
"477",30,44,55,80,96,499,886,1137,1750,2401,3596,5089,8897
"478",28,52,53,83,98,434,731,1194,1668,2653,3526,5507,9240
"479",28,57,65,65,108,414,897,1111,1610,2485,3377,5268,9597
"480",30,60,69,56,138,469,839,1332,1702,2453,3408,5499,9060
"481",41,61,73,64,108,386,828,1195,1915,2616,3688,5934,9346
"482",58,73,73,87,128,519,836,1220,1767,2532,3466,5516,9592
"483",29,33,36,44,129,396,773,1186,1874,2435,3583,5393,9489
"484",30,48,52,44,122,425,859,1289,1816,2599,3445,5321,9431
"485",27,44,65,52,126,448,753,1143,1753,2496,3528,5335,10143
"486",33,47,78,65,107,468,755,1294,1754,2728,3505,5586,9111
"487",41,46,34,54,126,415,789,1256,1701,2466,3645,5777,9268
"488",39,56,49,55,102,432,906,1088,1666,2320,3545,5271,8968
"489",40,52,38,79,131,405,906,1135,1826,2450,3665,5271,9299
"490",32,58,32,61,103,437,917,1205,1669,2449,3270,5688,9556
"491",24,61,35,77,117,431,901,1354,1727,2649,3511,5338,10459
"492",31,70,36,75,98,415,883,1176,1722,2475,3532,5988,8794
"493",31,39,41,67,129,406,828,1188,1634,2480,3611,5326,8814
"494",29,41,41,78,96,416,878,1197,1763,2527,3581,5186,9438
"495",30,45,59,68,129,483,819,1132,1721,2516,3515,5614,9087
"496",32,51,69,54,136,404,806,1244,1678,2623,3624,5557,9552
"497",35,62,67,59,132,393,803,1300,1657,2485,3839,5913,10108
"498",31,58,66,58,142,474,731,1156,1844,2310,3448,5343,9189
"499",39,50,56,57,150,411,861,1158,1844,2388,3515,5583,9266
"500",33,35,59,62,117,431,741,1142,1787,2430,3481,5472,9105
"501",31,66,44,63,119,427,761,1149,2051,2635,3619,5202,9562
"502",37,48,41,81,126,398,836,1397,1860,2313,3387,6093,9189
"503",37,53,56,64,87,393,902,1156,1839,2569,3651,5602,8976
"504",36,57,66,81,145,435,810,1169,1835,2587,3400,5203,9091
"505",39,59,66,80,116,475,920,1177,1741,2466,3515,5705,8637
"506",40,67,63,66,130,429,797,1169,1780,2631,3734,5364,9211
"507",56,44,68,80,129,410,915,1132,1751,2611,3554,5426,9533
"508",28,41,68,67,114,369,788,1289,1656,2552,3379,5554,9165
"509",27,41,56,72,167,416,773,1173,1739,2503,3444,5813,9037
"510",38,42,56,74,137,439,872,1261,1601,2345,3644,5455,9661
"511",43,44,79,96,151,404,783,1384,1608,2606,3691,5855,9172
"512",31,46,58,51,144,400,802,1108,1769,2682,3656,6339,10081
"513",31,52,54,56,107,473,867,1265,1640,2549,3428,5384,9252
"514",30,73,66,71,131,421,851,1149,1753,2454,3469,5575,9638
"515",37,58,52,56,114,502,850,1201,1696,2337,3397,5510,9137
"516",32,61,63,65,140,404,720,1268,1767,2674,3575,5636,8738
"517",35,62,54,69,96,413,800,1168,1708,2505,3717,5228,9517
"518",36,70,51,67,100,422,895,1206,1747,2646,3537,5414,9606
"519",32,32,71,67,107,395,869,1140,1804,2397,3585,5640,9163
"520",36,34,59,64,111,401,786,1254,1712,2476,3435,5719,10233
"521",38,35,71,78,104,394,785,1087,1870,2563,3534,5550,9539
"522",39,36,83,66,130,428,889,1190,1694,2760,3634,5591,9270
"523",34,38,57,67,109,407,811,1302,1892,2457,3398,4975,10020
"524",37,49,61,68,85,388,867,1253,1682,2481,3457,6105,9780
"525",39,51,46,82,110,370,828,1181,1722,2571,3536,5427,9720
"526",36,59,54,67,113,454,894,1124,1709,2649,3548,5721,9170
"527",37,62,53,68,127,414,810,1203,1718,2554,3506,5688,9233
"528",40,66,68,86,116,373,817,1073,1749,2417,3654,5307,9805
"529",40,33,58,85,91,497,815,1202,1734,2656,3539,5623,9508
"530",37,48,47,66,118,437,835,1273,1651,2537,3455,6061,9298
"531",37,49,49,59,119,417,934,1143,1810,2530,3624,5735,9767
"532",32,56,60,52,104,408,849,1161,1663,2347,3581,5641,9067
"533",29,73,46,62,130,484,841,1224,1776,2392,3326,5253,9176
"534",37,77,49,55,111,371,777,1197,1891,2600,3399,5679,9125
"535",53,63,49,52,135,475,808,1216,1794,2360,3334,5719,8876
"536",24,53,64,65,130,475,921,1291,1773,2520,3205,5589,9642
"537",24,61,66,66,141,385,877,1159,1849,2520,3092,5438,9004
"538",26,68,69,65,110,392,858,1236,1733,2486,3316,5435,8728
"539",26,35,73,84,122,429,730,1323,1612,2611,3568,5777,8764
"540",25,34,76,66,121,377,956,1213,1724,2504,3635,5912,9109
"541",30,36,71,68,133,538,838,1121,1835,2598,3463,5595,9074
"542",26,38,32,68,112,424,882,1322,1837,2527,3442,5182,9819
"543",28,25,59,74,94,528,813,1300,1864,2570,3326,5520,9157
"544",30,27,52,71,103,377,820,1189,1677,2720,3530,5832,9883
"545",31,45,58,70,110,479,761,1130,1882,2647,3521,5186,9310
"546",39,41,52,74,139,337,782,1141,1852,2317,3607,5572,9903
"547",40,44,43,99,104,387,852,1111,1807,2411,3370,5658,9116
"548",43,51,35,74,116,479,778,1232,1823,2522,3345,5686,8757
"549",36,66,53,72,99,406,781,1339,1696,2534,3409,5512,9528
"550",32,74,56,56,93,501,821,1231,1852,2413,3529,5613,9655
"551",40,72,43,62,102,409,790,1141,1725,2427,3550,5609,9644
"552",36,57,57,63,120,454,880,1157,1858,2302,3465,5749,9438
"553",28,64,44,62,125,404,816,1117,1795,2540,3354,5672,9400
"554",34,60,43,60,122,421,851,1243,1723,2771,3237,5465,8738
"555",34,84,38,63,113,463,1043,1235,1804,2396,3320,5598,9435
"556",48,46,42,80,97,391,903,1181,1762,2620,3461,5581,9427
"557",27,60,58,84,94,393,738,1135,1805,2913,3456,5135,9446
"558",26,47,71,64,108,427,870,1268,1832,2396,3564,5333,9417
"559",28,47,65,66,111,430,802,1133,1758,2486,3870,5488,9205
"560",24,48,81,64,135,387,834,1219,1827,2467,3566,5874,9452
"561",32,67,52,67,108,403,786,1191,1720,2532,3382,5567,9226
"562",32,60,58,73,101,391,868,1232,1686,2499,3363,5425,9209
"563",34,56,61,86,102,379,833,1120,1835,2550,3640,5735,9490
"564",30,58,65,78,116,353,782,1153,1745,2702,3575,5258,9693
"565",39,64,65,102,115,450,832,1211,1691,2763,3406,5410,9303
"566",34,72,68,57,124,403,803,1130,1659,2560,3346,5778,9130
"567",38,36,50,73,113,368,922,1195,1792,2498,3410,6035,8861
"568",38,37,60,71,128,363,795,1190,1880,2587,3378,6393,8902
"569",40,32,53,72,145,429,889,1186,1673,2480,3580,5700,8967
"570",41,35,49,70,142,452,875,1142,1700,2433,3424,6037,9081
"571",41,48,68,62,112,401,783,1186,2023,2451,3528,5864,9220
"572",40,57,78,57,112,391,831,1252,1669,2339,3400,5551,8864
"573",32,56,41,79,134,442,733,1154,1749,2641,3799,5747,9599
"574",24,60,38,66,108,450,814,1348,1668,2535,3720,5987,8532
"575",31,61,42,69,125,495,808,1442,1796,2542,3377,5986,9547
"576",32,68,46,72,120,403,888,1234,1741,2449,3501,5197,9866
"577",33,36,63,75,117,425,884,1150,1758,2508,3520,5237,9927
"578",34,36,68,62,128,406,909,1280,1743,2446,3346,5915,9780
"579",53,37,71,63,126,534,870,1199,1800,2534,3553,5360,9235
"580",29,43,56,69,110,448,863,1332,1877,2570,3428,6000,9116
"581",28,77,70,70,146,421,869,1190,1814,2516,3698,5065,9145
"582",28,60,68,86,126,453,940,1188,1612,2317,3348,5525,8927
"583",27,38,83,82,130,450,868,1164,1630,2913,3707,5403,9613
"584",26,46,58,68,164,521,896,1199,1798,2549,3742,5690,9211
"585",26,45,63,53,114,466,890,1243,1826,2549,3190,5204,9612
"586",26,43,65,45,120,421,921,1186,1785,2441,3418,5460,9099
"587",32,48,53,71,113,430,808,1275,1987,2480,3461,5578,9109
"588",40,46,49,71,106,365,830,1119,1993,2482,3365,5657,9264
"589",38,71,45,61,128,452,841,1168,1729,2380,3871,5421,9363
"590",38,55,45,59,130,507,859,1197,1726,2686,3371,5713,8730
"591",55,72,62,60,129,405,738,1185,1766,2614,3573,5782,9001
"592",31,64,79,64,116,367,763,1126,1768,2454,3658,5694,8839
"593",38,33,80,75,147,447,816,1173,1916,2305,3388,5568,9134
"594",35,38,59,68,150,417,845,1206,1787,2320,3323,5842,9930
"595",39,37,45,62,130,383,851,1260,1790,2455,3479,5580,9175
"596",36,40,48,82,107,398,788,1202,1711,2576,3676,5557,9614
"597",28,42,48,68,122,409,828,1205,1585,2616,3624,5962,9107
"598",31,38,66,62,117,501,831,1060,1735,2674,3637,4834,9857
"599",29,41,52,85,115,353,855,1190,1654,2761,3418,5284,9517
"600",32,43,62,80,124,398,800,1137,1841,2444,3881,5594,9105
"601",37,48,59,65,100,399,778,1311,1790,2541,3256,5851,9332
"602",32,51,59,60,123,434,886,1138,1950,2672,3267,5520,8884
"603",35,51,80,70,114,383,746,1259,1785,2408,3248,5666,9810
"604",31,57,56,56,99,391,902,1390,1744,2676,3517,5703,9276
"605",38,53,50,56,117,450,938,1247,1736,2713,3398,5174,10255
"606",35,66,44,60,138,421,804,1345,1728,2491,3330,5876,9867
"607",31,66,60,61,123,355,804,1159,1580,2381,3392,5296,9280
"608",36,36,70,79,134,436,860,1210,1764,2780,3666,5830,10585
"609",36,32,73,63,107,365,830,1158,1801,2467,3317,5460,9305
"610",35,33,74,61,112,386,819,1108,1817,2497,3683,5774,8887
"611",41,36,79,78,105,435,932,1224,1730,2690,3344,5559,8694
"612",38,43,78,64,121,385,909,1186,1797,2381,3571,5731,8976
"613",39,54,68,60,115,406,786,1159,1688,2540,3453,5575,9416
"614",34,54,55,67,124,404,789,1138,1793,2449,3566,6076,10044
"615",45,79,64,100,119,420,786,1250,1794,2276,3333,5393,9076
"616",57,62,51,93,102,501,898,1277,1772,2558,3631,5543,8967
"617",35,70,60,79,139,444,784,1124,1658,2441,3518,5578,9393
"618",39,41,71,73,134,478,815,1194,1798,2480,3398,5398,9433
"619",30,45,59,97,183,469,811,1337,1816,2561,3568,5505,10879
"620",30,45,52,64,106,379,824,1338,1876,2383,3358,5664,9671
"621",33,51,46,57,111,468,898,1167,1957,2321,3503,5700,10208
"622",33,51,57,54,111,445,863,1140,1695,2525,3400,5405,9852
"623",32,60,44,57,134,421,795,1225,1993,2539,3585,5538,9260
"624",36,62,61,58,112,435,901,1090,1587,2550,3426,6241,9650
"625",35,60,41,61,131,447,840,1289,1772,2647,3401,5410,10422
"626",36,60,50,77,106,404,820,1198,1661,2431,3671,5478,9049
"627",30,61,57,67,112,368,870,1266,1757,2788,3432,5572,10027
"628",34,42,43,67,166,396,814,1235,1735,2372,3526,5421,9039
"629",35,47,53,81,134,428,733,1160,1813,2612,3547,5662,10826
"630",35,44,41,64,127,415,764,1184,1849,2350,3679,5734,8985
"631",39,41,52,64,111,389,788,1342,1630,2782,3187,5829,9963
"632",38,43,46,87,102,486,795,1282,1723,2560,3475,5646,9150
"633",42,30,44,70,135,454,767,1166,1901,2385,3871,5620,9883
"634",34,39,45,99,144,448,774,1174,1686,2352,3484,5940,9365
"635",39,41,57,83,114,373,726,1192,1791,2451,3434,5350,8860
"636",39,41,69,86,106,423,901,1130,1839,2275,3299,5406,9693
"637",41,44,53,47,95,435,735,1167,1983,2540,3670,5816,8698
"638",39,48,65,44,135,452,836,1243,1881,2570,3435,5867,9817
"639",27,47,59,55,108,423,858,1181,1861,2377,3286,6045,9133
"640",34,54,83,53,126,426,870,1254,1694,2521,3462,5899,8996
"641",32,50,53,54,112,402,869,1284,1843,2551,3289,5265,9278
"642",34,65,43,73,94,434,845,1120,1761,2557,3498,5183,9365
"643",33,36,60,68,104,446,756,1243,1645,2645,3858,5541,9698
"644",33,42,68,59,109,374,813,1337,1775,2620,3433,5535,9478
"645",33,39,66,70,116,406,883,1188,1914,2489,3686,5107,8982
"646",35,57,67,64,112,448,787,1488,1682,2513,3357,5756,9514
"647",33,46,55,77,106,383,881,1199,1650,2441,3471,5329,8823
"648",30,44,51,74,117,448,815,1164,1741,2715,3210,5652,9082
"649",39,52,68,88,121,439,796,1214,1835,2487,3387,5179,8927
"650",57,53,77,55,92,394,804,1233,1864,2361,3514,5307,9303
"651",27,56,82,60,104,425,823,1153,1769,2431,3598,5329,9484
"652",27,52,40,73,114,426,844,1342,1673,2650,3491,5531,9622
"653",29,60,53,63,103,500,786,1213,1811,2564,3372,5618,9786
"654",34,68,64,62,121,428,834,1293,1752,2662,3483,5369,9472
"655",42,32,50,58,129,390,845,1245,1664,2430,3318,5868,9801
"656",37,29,41,76,109,435,771,1139,1649,2527,3608,5660,9205
"657",38,35,62,65,128,469,874,1250,1857,2712,3358,5228,9505
"658",36,31,70,62,122,407,760,1227,1927,2395,3383,5745,9049
"659",39,41,55,66,149,412,854,1138,1702,2535,3571,5691,9619
"660",39,43,52,66,119,440,870,1121,1660,2493,3371,5475,8984
"661",30,53,69,66,105,387,799,1158,1794,2680,3472,5582,9338
"662",27,58,69,61,146,380,948,1104,1738,2594,3526,5470,9171
"663",28,58,47,69,103,413,740,1107,1683,2400,3536,5523,8937
"664",30,71,59,72,116,394,885,1193,1739,2420,3529,5575,8980
"665",29,54,50,80,111,500,685,1111,1779,2557,3431,5951,10006
"666",31,51,60,78,118,439,805,1193,1858,2446,3313,5333,9120
"667",31,41,69,119,106,471,764,1013,1778,2638,3363,5590,9485
"668",31,54,54,67,118,426,903,1453,1749,2562,3357,5813,9078
"669",34,49,50,47,89,424,739,1260,1882,2489,3251,5388,9004
"670",39,61,67,86,97,408,903,1118,2049,2427,3490,5256,10244
"671",39,53,75,61,109,390,875,1171,1765,2460,3283,5253,8948
"672",33,65,68,70,120,448,748,1197,1680,2599,3715,5550,9705
"673",40,72,46,62,114,470,823,1189,1965,2464,3585,5866,9106
"674",38,35,63,57,108,359,939,1203,1756,2563,3621,5563,9333
"675",56,37,51,76,115,417,819,1256,1753,2816,3475,5329,9380
"676",31,40,61,77,141,415,798,1158,1701,2312,3493,5941,9387
"677",36,39,69,66,106,453,778,1200,1750,2554,3776,5416,9764
"678",41,28,57,64,127,419,783,1109,1847,2658,3564,5314,9184
"679",35,37,69,63,130,428,727,1220,1799,2667,3551,5661,9152
"680",41,58,73,81,116,437,782,1101,1809,2421,3593,5509,9195
"681",37,45,72,67,127,399,831,1203,1703,2505,3559,5546,9004
"682",34,52,86,64,132,390,780,1214,1825,2352,3261,5761,9736
"683",30,47,58,72,155,424,879,1265,1727,2482,3902,5884,8934
"684",33,52,65,76,122,360,832,1298,1725,2616,3526,5451,9147
"685",33,44,64,85,124,361,747,1123,1780,2478,3369,5560,9483
"686",32,51,54,49,105,484,836,1093,1690,2359,3537,5590,9778
"687",30,52,63,62,107,466,725,1104,1784,2397,3472,5204,9489
"688",35,53,62,58,109,442,893,1261,1711,2481,3564,5249,10353
"689",31,54,71,51,96,449,831,1337,2080,2528,3529,5441,8762
"690",29,55,59,71,137,335,727,1184,1907,2645,3371,5287,9213
"691",29,69,52,65,103,398,934,1247,1702,2547,3469,5518,9096
"692",30,41,79,58,114,402,784,1189,1753,2467,3520,5431,9162
"693",36,45,40,61,137,387,818,1275,1687,2488,3405,5353,9078
"694",32,41,55,63,116,439,752,1270,1725,2573,3457,5693,8927
"695",35,44,69,65,96,401,822,1123,1795,2507,3486,5775,9179
"696",42,48,49,66,124,461,908,1117,1821,2417,3425,5421,9077
"697",37,45,42,86,113,402,784,1335,1530,2527,3992,5531,9246
"698",39,51,52,70,128,382,778,1183,1728,2641,3515,5352,9541
"699",42,56,69,60,126,339,1049,1241,1801,2504,3701,5866,9335
"700",58,54,73,87,120,426,776,1281,1725,2401,3691,5348,9634
"701",32,58,62,68,118,411,740,1233,1714,2639,3604,5164,9575
"702",32,69,61,75,128,396,912,1106,1778,2673,3499,5699,9131
"703",40,34,45,86,109,504,841,1098,1846,2617,3409,6148,9179
"704",37,37,63,47,113,429,898,1116,1830,2491,3455,5714,10223
"705",30,37,67,47,108,409,770,1216,1747,2408,3849,5372,9201
"706",26,34,56,60,115,456,779,1193,1807,2701,3620,5562,9445
"707",31,45,51,67,113,347,901,1193,1713,2545,3386,5849,9084
"708",29,52,51,57,156,443,782,1163,1761,2467,3395,5671,9408
"709",36,82,40,77,112,487,686,1116,1705,2438,3472,5440,9596
"710",29,66,28,62,99,369,817,1205,1874,2490,3774,5308,9146
"711",34,61,35,65,109,435,859,1258,1735,2538,3349,5174,9666
"712",35,68,35,60,104,494,903,1190,1840,2742,3368,5684,9454
"713",39,59,37,63,100,411,832,1357,1881,2625,3595,5383,9349
"714",31,50,39,64,112,440,871,1187,1803,2571,3413,5248,9497
"715",37,49,56,66,117,385,859,1269,1778,2496,3546,5694,9560
"716",39,51,72,69,105,387,891,1382,1819,2464,3577,5627,8945
"717",37,48,66,64,99,461,663,1233,1603,2504,3382,5396,9897
"718",38,57,29,84,129,413,840,1447,1644,2448,3395,5958,9401
"719",40,54,29,87,119,403,881,1193,1906,2455,3454,5504,9360
"720",37,31,43,88,113,409,818,1266,1825,2413,3723,5715,9160
"721",40,37,43,81,115,426,775,1265,1784,2549,3728,6168,9154
"722",41,47,59,43,123,434,821,1270,1728,2538,3365,5428,8995
"723",39,46,61,46,129,401,804,1148,1847,2675,3467,5630,9771
"724",33,45,67,66,135,408,732,1322,1807,2522,3625,5287,9383
"725",25,49,70,55,120,430,781,1170,1739,2533,3401,5344,9162
"726",28,52,70,49,146,416,815,1312,1749,2580,3597,5610,9874
"727",35,57,71,51,143,471,817,1242,1799,2232,3453,5336,9512
"728",35,65,75,55,112,446,945,1210,1586,2446,3195,5643,9297
"729",34,32,65,59,84,391,875,1257,1744,2542,3370,5583,9577
"730",37,29,45,57,110,393,830,1136,1814,2338,3454,5713,9139
"731",50,35,41,71,116,383,815,1066,1711,2528,3486,5702,9313
"732",25,35,56,76,105,386,888,1252,1715,2530,3341,5428,9772
"733",25,40,50,84,127,387,804,1343,1723,2461,3367,5882,9140
"734",29,49,60,69,114,436,715,1255,1710,2472,3443,5676,9169
"735",28,53,64,78,113,412,875,1172,1725,2596,3464,5274,9248
"736",29,51,67,73,122,468,753,1078,1833,2351,3524,5831,9329
"737",28,52,67,67,89,446,748,1193,1775,2586,3685,5976,9321
"738",31,79,73,71,135,448,824,1259,1662,2402,3664,5419,9007
"739",26,56,58,97,130,438,813,1331,1759,2474,3453,5622,9509
"740",29,66,72,63,130,436,770,1204,1719,2612,3426,5465,9753
"741",30,34,63,64,142,401,679,1273,1935,2247,3708,5628,8821
"742",53,34,44,52,116,490,800,1224,1793,2498,3424,5395,9743
"743",40,48,57,52,119,428,749,1272,1777,2382,3592,5356,9652
"744",38,49,46,69,95,427,868,1279,1688,2546,3552,5565,9679
"745",34,45,63,75,119,418,897,1158,1699,2559,3587,5659,9155
"746",40,53,66,67,136,376,793,1272,1776,2669,3480,5573,9163
"747",39,55,67,76,122,402,765,1139,1761,2578,3451,5389,9114
"748",37,54,55,74,106,454,785,1178,1808,2634,3386,5694,8928
"749",28,75,65,55,140,376,923,1226,1716,2675,3445,5954,9568
"750",28,74,73,75,113,405,809,1300,1678,2650,3660,5234,9020
"751",29,34,74,63,164,453,782,1222,1687,2666,3511,5506,9455
"752",32,47,68,92,122,399,945,1259,1668,2557,3323,5876,8705
"753",33,45,35,74,111,426,935,1237,1750,2486,3470,5672,9481
"754",33,54,47,67,191,468,787,1326,1937,2816,3420,5339,9279
"755",32,48,65,67,117,424,869,1187,1730,2626,3706,5529,9109
"756",38,60,67,68,128,379,862,1209,1744,2570,3750,5424,9504
"757",34,59,54,84,100,436,830,1121,1597,2597,3188,5480,9107
"758",38,85,67,68,121,414,838,1129,1658,2477,3655,5626,9391
"759",36,66,59,53,103,417,852,1294,1945,2460,3598,5829,9189
"760",34,68,49,68,121,417,939,1234,1903,2507,3390,5511,9277
"761",36,38,48,58,105,396,811,1241,1809,2595,3400,5379,8932
"762",31,64,61,59,118,464,934,1172,1799,2758,3404,5574,9203
"763",35,57,32,57,123,454,864,1167,1742,2628,3520,5496,8711
"764",37,74,49,62,123,401,774,1083,1745,2578,3487,5425,9370
"765",36,58,56,61,123,380,940,1176,1733,2565,3674,5061,9335
"766",41,33,68,66,121,469,722,1305,1688,2248,3764,5056,9877
"767",60,41,70,61,119,411,861,1219,1755,2706,3645,5426,9206
"768",37,44,56,65,107,505,772,1383,1775,2426,3464,5655,9052
"769",39,60,49,69,115,415,801,1106,1924,2423,3567,5692,9345
"770",32,68,51,71,115,386,828,1198,1667,2589,3490,5385,9025
"771",32,64,53,71,119,442,743,1307,1713,2609,3500,5994,9400
"772",31,49,42,73,97,463,750,1141,1817,2592,3391,5648,9309
"773",32,51,54,73,118,398,816,1251,1663,2416,3432,5785,9178
"774",33,74,44,85,140,399,749,1256,1827,2682,3408,5683,9372
"775",29,59,60,56,107,427,858,1315,1630,2611,3460,5651,9596
"776",35,69,52,54,142,397,794,1249,1744,2433,3441,5843,9123
"777",36,36,69,75,119,400,825,1147,1839,2424,3334,5900,9670
"778",37,51,64,62,96,413,846,1209,1722,2738,3536,5703,9707
"779",36,63,45,72,139,403,748,1142,1596,2777,3454,5799,9309
"780",32,44,40,58,93,449,813,1289,1809,2559,3363,5818,9358
"781",39,48,36,60,106,401,782,1167,1715,2435,3594,5695,9151
"782",37,67,53,77,144,437,821,1183,1728,2606,3459,5377,8977
"783",40,59,63,66,112,449,813,1282,1963,2436,3673,5414,9472
"784",38,57,65,67,140,451,887,1261,1670,2934,3612,5619,9238
"785",40,54,50,70,134,421,835,1205,1916,2291,3359,5227,9316
"786",38,75,55,58,163,382,821,1200,1821,2447,3778,5726,8775
"787",41,71,54,57,124,391,854,1121,1713,2551,3764,5692,8973
"788",37,32,67,71,149,429,714,1194,1614,2671,3420,5843,9218
"789",36,36,57,75,97,379,807,1190,1697,2368,3252,6240,9243
"790",33,34,55,76,95,375,864,1123,1759,2582,3763,5393,9167
"791",31,35,80,72,117,413,779,1227,1579,2704,3434,5691,9232
"792",34,61,56,80,112,400,885,1227,1826,2580,3277,5543,9161
"793",34,55,52,50,128,360,817,1196,2091,2580,3612,5365,9589
"794",34,71,54,48,116,441,812,1278,1811,2681,3791,5907,9688
"795",30,59,50,52,110,383,821,1231,1738,2317,3306,5567,9011
"796",33,59,44,53,125,474,827,1296,1698,2475,3498,5710,9426
"797",35,68,64,47,113,413,756,1266,1778,2308,3500,5064,9158
"798",38,32,70,52,110,441,748,1146,1762,2419,3639,5647,9217
"799",32,36,70,54,134,457,766,1279,1734,2600,3306,5204,9587
"800",41,34,69,65,105,437,824,1216,1607,2469,3791,5551,9373
"801",54,47,67,74,127,507,839,1158,1764,2561,3404,5702,9161
"802",36,52,80,59,123,422,881,1210,1773,2460,3295,5537,9547
"803",32,58,58,76,118,418,812,1390,1678,2713,3487,5698,9809
"804",32,60,60,63,111,458,937,1162,1807,2807,3470,5884,9224
"805",39,51,50,63,122,391,810,1204,1810,2698,3761,5451,9655
"806",35,60,62,66,102,470,691,1134,1885,2791,3579,5968,9525
"807",32,66,68,61,130,420,725,1325,1605,2800,3466,5857,9528
"808",37,33,52,86,99,396,832,1170,1802,2582,3518,5457,9343
"809",39,40,44,95,116,459,826,1185,1812,2492,3241,5481,9066
"810",41,50,60,54,121,437,737,1231,1727,2775,3635,5815,9435
"811",37,49,70,51,127,469,885,1242,1832,2631,3635,5427,9200
"812",30,35,77,59,119,442,763,1266,1733,2547,3534,5621,9049
"813",27,38,85,63,148,406,758,1410,1601,2277,3731,6220,8472
"814",28,39,55,56,119,404,824,1187,1786,2594,3343,5719,9026
"815",32,39,62,65,101,417,851,1191,1637,2760,3604,5447,9499
"816",33,54,65,64,116,422,891,1207,1611,2444,3430,5283,9075
"817",32,50,53,67,129,402,822,1254,1726,2395,3429,5463,9006
"818",36,44,49,60,128,395,719,1263,1759,2393,3672,5507,9376
"819",34,51,47,66,113,419,884,1190,1713,2482,3169,5447,9382
"820",36,49,63,75,121,393,822,1161,1894,2646,3416,5722,9690
"821",33,55,60,64,118,476,804,1101,1752,2353,3553,5897,9357
"822",33,54,58,78,118,425,876,1247,1856,2789,3654,5478,9486
"823",37,55,84,66,114,478,743,1332,1751,2578,3506,5600,9261
"824",36,60,56,65,110,410,779,1192,1769,2351,3340,5194,9168
"825",32,38,64,66,120,500,774,1100,1691,2515,3886,5446,9355
"826",61,37,56,91,133,416,883,1146,1749,2489,3432,5383,9486
"827",31,45,66,88,140,439,857,1212,1741,2535,3805,5623,9597
"828",30,46,56,52,99,479,813,1275,1837,2627,3316,5662,9275
"829",35,43,52,52,107,438,735,1169,1923,2503,3526,5857,8869
"830",37,44,54,56,97,378,806,1069,1738,2592,3460,5474,9288
"831",42,53,56,70,115,436,809,1231,1803,2455,3393,5552,8593
"832",39,52,74,79,111,455,847,1229,1697,2482,3451,5492,9790
"833",38,58,86,71,112,472,740,1210,1861,2490,3329,6054,8913
"834",30,62,59,57,110,441,817,1206,1773,2441,3355,5452,9590
"835",32,69,63,76,127,484,767,1164,1798,2327,3501,5536,8899
"836",33,37,56,68,109,430,753,1077,1783,2491,3224,5326,9323
"837",33,34,64,63,114,418,822,1256,1612,2359,3503,5367,9193
"838",32,35,71,76,121,471,808,1167,1751,2451,3458,5621,9497
"839",34,41,72,61,116,443,900,1106,1693,2512,3534,5417,9187
"840",26,53,75,79,185,401,880,1243,1668,2567,3467,5666,9047
"841",33,48,76,62,113,428,845,1160,1757,2557,3477,5404,9252
"842",40,57,73,55,105,385,877,1052,1698,2700,3442,5742,8969
"843",39,61,72,65,154,439,797,1108,1710,2530,3552,5835,10203
"844",36,61,32,87,113,468,911,1124,1771,2526,3437,5797,9801
"845",31,66,50,94,110,435,852,1055,1838,2470,3626,5019,9784
"846",35,43,70,44,127,387,702,1127,1685,2433,3415,5543,9500
"847",36,46,68,44,126,413,830,1166,1763,2647,3574,5849,10089
"848",41,46,71,48,134,443,771,1372,1719,2629,3159,5394,9244
"849",38,56,58,69,105,396,903,1136,1704,2267,3329,5378,8813
"850",37,54,68,49,126,450,828,1217,1802,2314,3507,5480,9185
"851",53,57,71,58,135,486,899,1175,1638,2465,3549,5330,8980
"852",30,39,65,60,115,430,804,1202,1676,2600,3230,5460,9210
"853",37,53,83,61,104,447,774,1143,1797,3005,3523,6152,10015
"854",39,42,57,58,134,417,909,1183,1731,2597,3621,5791,10365
"855",42,44,52,73,103,438,714,1200,1698,2526,3579,5790,9286
"856",30,42,65,62,124,421,800,1176,1753,2501,3555,5720,8795
"857",27,53,57,61,121,423,770,1156,1740,2529,3249,5789,9617
"858",32,46,64,66,118,413,897,1120,1741,2538,3664,5217,9578
"859",31,53,74,71,112,445,796,1214,1863,2512,3661,5392,8967
"860",33,47,73,60,123,411,821,1165,1614,2444,3512,5907,9086
"861",33,78,63,63,124,431,780,1114,1755,2469,3442,5893,9130
"862",35,37,82,64,144,428,791,1155,1850,2632,3615,5359,10359
"863",35,31,61,84,111,401,858,1115,1587,2558,3694,5451,9260
"864",37,32,64,70,107,436,789,1105,1798,2239,3447,5556,9045
"865",32,32,52,71,120,476,836,1353,1734,2402,3274,5488,9681
"866",33,31,45,73,113,425,732,1179,1807,2327,3318,5739,9293
"867",35,33,61,60,119,456,716,1165,1733,2789,3388,5218,9747
"868",35,37,75,48,130,394,936,1280,1635,2633,3581,5632,9413
"869",34,38,74,61,132,432,771,1148,1653,2487,3380,5750,9093
"870",39,54,61,65,138,392,822,1176,1902,2436,3403,5583,9293
"871",38,59,80,76,143,461,859,1191,1872,2427,3449,5239,8766
"872",36,46,43,64,104,385,749,1128,1814,2438,3563,5322,9604
"873",41,59,58,70,133,391,830,1181,1688,2434,3623,5418,9675
"874",34,32,69,68,115,501,746,1206,1838,2508,3512,5502,9557
"875",40,50,54,59,138,462,808,1236,1718,2306,3403,5457,9554
"876",31,35,66,79,111,362,795,1172,1661,2653,3376,5584,9068
"877",27,37,75,84,84,432,749,1198,1780,2536,3456,6028,10493
"878",36,41,52,70,104,399,849,1243,1833,2591,3527,5368,8945
"879",47,53,28,67,98,402,802,1180,1768,2727,3369,5694,8706
"880",25,46,37,87,123,464,827,1244,1689,2475,3632,5602,9217
"881",24,55,38,85,163,383,867,1101,1823,2547,3458,5471,9649
"882",29,46,39,69,136,414,788,1225,1757,2523,3457,6208,9166
"883",29,58,49,50,118,374,932,1169,1838,2567,3314,5639,9265
"884",25,35,49,59,137,448,803,1229,1803,2576,3435,5545,8996
"885",29,36,51,76,120,431,801,1179,1797,2415,3575,5460,9623
"886",36,35,63,58,125,365,773,1116,1613,2576,3278,5162,9142
"887",33,39,44,64,124,394,798,1119,1876,2383,3330,5671,9511
"888",35,53,41,73,124,384,830,1338,1837,2450,3716,5640,9896
"889",41,43,56,60,131,405,760,1234,1710,2502,3711,5355,9180
"890",36,45,41,74,151,431,902,1269,1616,2591,3323,5301,10041
"891",39,44,37,83,133,409,778,1070,1753,2500,3543,5553,9353
"892",37,45,37,66,165,459,951,1120,1862,2473,3316,5364,9524
"893",40,78,54,69,140,434,836,1232,1830,2484,3449,5900,9453
"894",35,47,67,65,136,381,813,1207,1826,2457,3448,5361,9016
"895",38,37,71,66,154,418,856,1216,1821,2447,3472,5668,9223
"896",42,57,55,81,115,407,869,1146,1801,2371,3330,5534,9240
"897",57,49,68,71,130,528,798,1205,1682,2416,3376,5750,9253
"898",40,50,58,72,120,445,834,1252,1662,2647,3123,5889,9598
"899",35,34,64,79,118,391,805,1145,1740,2473,3264,5727,9210
"900",32,33,47,58,133,430,930,1272,1694,2426,3579,5339,10192
"901",31,38,57,58,117,514,819,1185,1816,2226,3502,5484,9706
"902",30,58,57,59,110,419,767,1166,1811,2509,3567,5961,9422
"903",30,45,61,58,124,446,829,1208,1865,2572,3603,5209,9293
"904",30,50,67,61,116,438,810,1138,1706,2445,3679,5896,10526
"905",30,51,54,74,120,417,807,1139,1732,2339,3941,5414,10184
"906",32,47,66,58,136,530,793,1154,1766,2571,3352,5186,8777
"907",33,49,73,90,126,395,901,1172,1784,2391,3581,5583,9389
"908",33,50,72,66,96,430,698,1261,1726,2592,3822,5408,9129
"909",35,72,79,76,84,432,786,1117,1616,2538,3424,5788,9047
"910",39,30,85,66,96,385,740,1206,1693,2476,3912,5979,9147
"911",37,32,41,65,115,451,830,1258,1796,2592,3364,5890,9134
"912",30,34,39,69,139,490,798,1240,1665,2487,3461,5431,9293
"913",39,31,58,57,109,456,773,1184,1660,2371,3439,5778,9209
"914",37,32,60,67,104,402,792,1170,1662,2428,3393,5604,8750
"915",39,33,69,69,141,498,841,1173,1722,2608,3495,5752,9080
"916",38,48,65,82,134,430,847,1274,1702,2496,3239,5342,9042
"917",39,42,52,83,125,472,810,1181,1720,2471,3609,5586,10246
"918",38,50,62,54,125,355,803,1258,1690,2416,3516,5407,9811
"919",37,57,64,59,115,402,836,1285,1590,2417,3598,5282,9983
"920",27,68,74,52,104,548,814,1357,1891,2497,3505,5360,10083
"921",30,32,70,52,121,421,840,1232,1823,2469,3543,5696,9473
"922",40,32,30,60,123,449,799,1206,1647,2399,3382,5556,9236
"923",39,37,43,64,129,419,719,1215,1808,2490,3444,5222,8965
"924",33,37,47,72,119,527,775,1199,1753,2538,3585,5539,9008
"925",36,42,55,58,141,408,756,1325,1644,2449,3372,5923,8550
"926",38,42,61,63,149,405,811,1170,1762,2648,3812,5674,9007
"927",53,42,63,73,114,435,864,1298,1738,2448,3484,5586,9295
"928",27,42,63,57,96,456,807,1381,1741,2724,3475,5620,9168
"929",30,44,69,69,117,397,829,1260,1803,2713,3477,5751,9264
"930",28,66,58,67,124,412,847,1111,1899,2568,3740,5972,9138
"931",30,35,85,69,126,431,894,1253,1774,2535,3735,5759,9303
"932",27,37,57,75,135,433,722,1092,1689,2483,3514,6026,10134
"933",30,35,59,64,125,402,850,1299,1683,2468,3402,5287,9379
"934",31,41,67,68,136,403,834,1189,1710,2944,3559,5470,9757
"935",31,42,66,91,109,379,785,1150,1617,2476,3717,5482,9660
"936",54,56,67,44,120,409,890,1298,1812,2295,3354,5786,9061
"937",31,51,67,52,128,429,892,1211,1771,2631,3675,5365,8902
"938",29,44,72,45,124,367,756,1244,1742,2628,3440,5383,9282
"939",31,47,57,53,127,416,738,1098,1775,2542,3532,5563,9407
"940",43,61,69,50,104,416,758,1288,2346,2736,3440,5791,9307
"941",35,37,83,62,118,423,791,1276,1661,2452,3816,5616,9372
"942",44,38,54,58,143,438,793,1175,1913,2541,3532,5490,9638
"943",32,40,62,59,126,457,718,1137,1738,2701,3434,5787,9794
"944",23,43,65,81,118,436,799,1182,1800,2490,3550,6092,10206
"945",33,39,67,65,120,397,760,1121,1859,2526,3615,5173,8999
"946",31,26,69,63,118,459,829,1332,1739,2399,3611,5743,9801
"947",33,33,49,61,127,446,910,1158,1774,2484,3248,6159,9608
"948",36,52,60,98,122,427,832,1257,1718,2753,3400,5830,9149
"949",31,33,56,72,103,440,855,1248,1708,2275,3413,5647,9399
"950",34,36,87,74,145,483,747,1161,1823,2289,3441,5465,9223
"951",32,38,69,71,138,441,768,1288,1671,2624,3459,5330,9108
"952",35,36,49,78,124,433,792,1220,1682,2501,3323,5485,9217
"953",36,40,63,104,118,393,759,1177,1669,2472,3239,5806,8658
"954",37,36,68,47,132,438,867,1253,1941,2539,3962,5477,8973
"955",32,37,52,45,112,389,763,1222,1634,2417,3634,5280,9174
"956",39,42,65,49,128,447,966,1289,1732,2626,3389,6055,9295
"957",38,56,65,47,173,482,863,1255,1724,2400,3585,5642,9455
"958",41,33,50,63,125,486,770,1254,1725,2582,3480,5866,8997
"959",41,33,64,67,103,398,903,1126,1685,2712,3608,5626,9173
"960",44,34,79,57,111,482,801,1340,1716,2308,3420,5516,8933
"961",61,35,83,61,109,344,783,1128,1755,2496,3391,5784,9116
"962",32,35,58,65,100,462,720,1293,1792,2661,3443,5625,9607
"963",32,42,49,64,144,418,741,1204,1793,2693,3386,5619,9582
"964",28,53,62,56,126,453,789,1193,1726,2617,3458,5489,8654
"965",26,50,65,74,137,446,703,1200,1707,2331,3541,5363,9335
"966",29,54,71,67,117,440,800,1271,1793,2340,3391,5991,9691
"967",30,55,71,64,116,415,804,1117,1759,2554,3303,5313,9348
"968",33,65,51,65,143,433,740,1368,1752,2572,3563,5565,9519
"969",32,33,63,67,131,462,804,1218,1766,2720,3423,5357,8992
"970",30,37,80,93,112,448,799,1299,1661,2360,3477,5056,9883
"971",35,35,83,45,120,393,982,1267,1816,2388,3340,5852,9095
"972",35,38,58,57,140,393,818,1235,1701,2474,3328,5704,9342
"973",33,38,46,51,138,443,841,1180,1804,2466,3576,5993,9610
"974",38,52,63,59,129,497,730,1196,1696,2466,3508,5844,9584
"975",35,44,68,75,130,413,832,1143,1817,2449,3700,5636,8878
"976",38,43,55,61,138,407,863,1256,1751,2299,3391,5827,10108
"977",37,43,67,63,121,391,772,1291,1785,2501,4239,5746,9164
"978",41,64,57,66,126,439,862,1194,1671,2726,3558,5612,9898
"979",35,49,70,86,142,456,920,1198,1815,2354,3287,5661,9713
"980",35,53,76,84,122,467,878,1299,1812,2522,3531,6177,8610
"981",39,47,82,66,95,433,802,1253,1765,2434,3530,5626,9509
"982",38,51,57,67,111,396,811,1188,1657,2485,3530,5665,9586
"983",40,56,63,64,122,415,872,1323,1675,2704,3536,5658,9529
"984",42,59,53,78,116,369,828,1086,1793,2579,3398,5460,9939
"985",31,54,63,69,123,437,775,1213,1769,2748,3521,5254,9480
"986",30,33,68,71,140,404,719,1170,1867,2492,3345,5354,9422
"987",33,42,70,77,111,405,964,1138,1774,2610,3376,5666,9215
"988",30,53,61,80,103,429,645,1203,1747,2516,3748,5850,9367
"989",27,60,67,55,117,412,831,1219,1659,2491,3469,5394,9328
"990",32,60,77,53,106,462,943,1176,1662,2502,3458,5129,9405
"991",36,48,72,58,124,444,759,1220,1753,2637,3729,5777,9194
"992",34,44,45,55,137,459,819,1230,1735,2778,3564,5208,9742
"993",55,72,53,59,130,441,848,1229,1615,2599,3393,5487,8859
"994",26,52,69,49,104,499,875,1324,1926,2428,3435,5544,9735
"995",26,35,62,51,134,493,821,1205,1871,2658,3394,5397,9276
"996",31,33,87,60,125,445,845,1185,1748,2407,3506,5843,9077
"997",30,31,77,76,161,446,846,1155,1650,2521,3291,5560,9749
"998",26,37,74,58,117,389,809,1214,1729,2578,3662,5609,9393
"999",32,35,76,75,111,403,773,1279,1724,2411,3425,5167,9254
"1000",38,36,80,69,131,492,830,1315,1842,2801,3511,5799,9524
